-- phpMyAdmin SQL Dump
-- version 5.0.2
-- https://www.phpmyadmin.net/
--
-- Host: 127.0.0.1:3306
-- Creato il: Dic 20, 2022 alle 20:28
-- Versione del server: 5.7.31
-- Versione PHP: 7.3.21

SET SQL_MODE = "NO_AUTO_VALUE_ON_ZERO";
START TRANSACTION;
SET time_zone = "+00:00";


/*!40101 SET @OLD_CHARACTER_SET_CLIENT=@@CHARACTER_SET_CLIENT */;
/*!40101 SET @OLD_CHARACTER_SET_RESULTS=@@CHARACTER_SET_RESULTS */;
/*!40101 SET @OLD_COLLATION_CONNECTION=@@COLLATION_CONNECTION */;
/*!40101 SET NAMES utf8mb4 */;

--
-- Database: `lubjanka`
--

-- --------------------------------------------------------

--
-- Struttura della tabella `involvements`
--

DROP TABLE IF EXISTS `involvements`;
CREATE TABLE IF NOT EXISTS `involvements` (
  `stuff_id` varchar(255) NOT NULL,
  `oligarch_username` varchar(255) NOT NULL,
  `oligarch_password` varchar(255) NOT NULL,
  PRIMARY KEY (`stuff_id`,`oligarch_username`,`oligarch_password`),
  KEY `oligarch_username` (`oligarch_username`,`oligarch_password`)
) ENGINE=MyISAM DEFAULT CHARSET=latin1;

--
-- Dump dei dati per la tabella `involvements`
--

INSERT INTO `involvements` (`stuff_id`, `oligarch_username`, `oligarch_password`) VALUES
('corruzione', 'ue', 'pd'),
('estrazione materie prime', 'us', 'pa'),
('evasione fiscale', 'u', 'p'),
('finanza', 'un', 'pw'),
('frode', 'un', 'pw'),
('industria', 'u', 'p'),
('politica', 'us', 'pa'),
('riciclaggio denaro', 'ue', 'pd');

-- --------------------------------------------------------

--
-- Struttura della tabella `oligarchs`
--

DROP TABLE IF EXISTS `oligarchs`;
CREATE TABLE IF NOT EXISTS `oligarchs` (
  `username` varchar(255) NOT NULL,
  `password` varchar(255) NOT NULL,
  `firstname` varchar(255) DEFAULT NULL,
  `lastname` varchar(255) DEFAULT NULL,
  PRIMARY KEY (`username`,`password`)
) ENGINE=MyISAM DEFAULT CHARSET=latin1;

--
-- Dump dei dati per la tabella `oligarchs`
--

INSERT INTO `oligarchs` (`username`, `password`, `firstname`, `lastname`) VALUES
('u', 'p', 'yaroslay', 'karashenko'),
('us', 'pa', 'nikolay', 'karashova'),
('un', 'pw', 'alexey', 'karamov'),
('ue', 'pd', 'yury', 'karashnikov');

-- --------------------------------------------------------

--
-- Struttura della tabella `stuffs`
--

DROP TABLE IF EXISTS `stuffs`;
CREATE TABLE IF NOT EXISTS `stuffs` (
  `title` varchar(255) NOT NULL,
  `legality` tinyint(1) DEFAULT NULL,
  PRIMARY KEY (`title`)
) ENGINE=MyISAM DEFAULT CHARSET=latin1;

--
-- Dump dei dati per la tabella `stuffs`
--

INSERT INTO `stuffs` (`title`, `legality`) VALUES
('estrazione materie prime', 1),
('evasione fiscale', 0),
('frode', 0),
('corruzione', 0),
('riciclaggio denaro', 0),
('politica', 1),
('finanza', 1),
('industria', 1);
COMMIT;

/*!40101 SET CHARACTER_SET_CLIENT=@OLD_CHARACTER_SET_CLIENT */;
/*!40101 SET CHARACTER_SET_RESULTS=@OLD_CHARACTER_SET_RESULTS */;
/*!40101 SET COLLATION_CONNECTION=@OLD_COLLATION_CONNECTION */;
